asd;Arranjos populacionais e municípios brasileiros
Adamantina - Lucélia/SP;Adamantina - Lucélia/SP
Adamantina - Lucélia/SP;Adamantina (SP)
Adamantina - Lucélia/SP;Inúbia Paulista (SP)
Adamantina - Lucélia/SP;Lucélia (SP)
Adamantina - Lucélia/SP;Mariápolis (SP)
Adamantina - Lucélia/SP;Pracinha (SP)
Adrianópolis/PR - Ribeira/SP;Adrianópolis/PR - Ribeira/SP
Adrianópolis/PR - Ribeira/SP;Adrianópolis (PR)
Adrianópolis/PR - Ribeira/SP;Ribeira (SP)
Águas de Lindóia/SP;Águas de Lindóia/SP
Águas de Lindóia/SP;Águas de Lindóia (SP)
Águas de Lindóia/SP;Lindóia (SP)
Além Paraíba/MG - Sapucaia/RJ;Além Paraíba/MG - Sapucaia/RJ
Além Paraíba/MG - Sapucaia/RJ;Além Paraíba (MG)
Além Paraíba/MG - Sapucaia/RJ;Sapucaia (RJ)
Alto Araguaia/MT;Alto Araguaia/MT
Alto Araguaia/MT;Alto Araguaia (MT)
Alto Araguaia/MT;Santa Rita do Araguaia (GO)
Alto Parnaíba/MA - Santa Filomena/PI;Alto Parnaíba/MA - Santa Filomena/PI
Alto Parnaíba/MA - Santa Filomena/PI;Alto Parnaíba (MA)
Alto Parnaíba/MA - Santa Filomena/PI;Santa Filomena (PI)
Alvorada do Norte - Simolândia/GO;Alvorada do Norte - Simolândia/GO
Alvorada do Norte - Simolândia/GO;Alvorada do Norte (GO)
Alvorada do Norte - Simolândia/GO;Simolândia (GO)
Amarante/PI - São Francisco do Maranhão/MA;Amarante/PI - São Francisco do Maranhão/MA
Amarante/PI - São Francisco do Maranhão/MA;Amarante (PI)
Amarante/PI - São Francisco do Maranhão/MA;São Francisco do Maranhão (MA)
Americana - Santa Bárbara d´Oeste/SP;Americana - Santa Bárbara d´Oeste/SP
Americana - Santa Bárbara d´Oeste/SP;Americana (SP)
Americana - Santa Bárbara d´Oeste/SP;Nova Odessa (SP)
Americana - Santa Bárbara d´Oeste/SP;Santa Bárbara d´Oeste (SP)
Amparo/SP;Amparo/SP
Amparo/SP;Amparo (SP)
Amparo/SP;Monte Alegre do Sul (SP)
Angical do Piauí/PI;Angical do Piauí/PI
Angical do Piauí/PI;Angical do Piauí (PI)
Angical do Piauí/PI;Santo Antônio dos Milagres (PI)
Antônio Prado/RS;Antônio Prado/RS
Antônio Prado/RS;Antônio Prado (RS)
Antônio Prado/RS;Ipê (RS)
Aquidauana - Anastácio/MS;Aquidauana - Anastácio/MS
Aquidauana - Anastácio/MS;Anastácio (MS)
Aquidauana - Anastácio/MS;Aquidauana (MS)
Aracaju/SE;Aracaju/SE
Aracaju/SE;Aracaju (SE)
Aracaju/SE;Barra dos Coqueiros (SE)
Aracaju/SE;Carmópolis (SE)
Aracaju/SE;Divina Pastora (SE)
Aracaju/SE;General Maynard (SE)
Aracaju/SE;Laranjeiras (SE)
Aracaju/SE;Maruim (SE)
Aracaju/SE;Nossa Senhora do Socorro (SE)
Aracaju/SE;Riachuelo (SE)
Aracaju/SE;Rosário do Catete (SE)
Aracaju/SE;São Cristóvão (SE)
Aracaju/SE;Siriri (SE)
Araranguá/SC;Araranguá/SC
Araranguá/SC;Araranguá (SC)
Araranguá/SC;Balneário Arroio do Silva (SC)
Araranguá/SC;Ermo (SC)
Araraquara/SP;Araraquara/SP
Araraquara/SP;Américo Brasiliense (SP)
Araraquara/SP;Araraquara (SP)
Araraquara/SP;Gavião Peixoto (SP)
Araraquara/SP;Rincão (SP)
Araraquara/SP;Santa Lúcia (SP)
Araripina/PE;Araripina/PE
Araripina/PE;Araripina (PE)
Araripina/PE;Marcolândia (PI)
Araruama/RJ;Araruama/RJ
Araruama/RJ;Araruama (RJ)
Araruama/RJ;Iguaba Grande (RJ)
Araxá/MG;Araxá/MG
Araxá/MG;Araxá (MG)
Araxá/MG;Tapira (MG)
Arenápolis - Nortelândia/MT;Arenápolis - Nortelândia/MT
Arenápolis - Nortelândia/MT;Arenápolis (MT)
Arenápolis - Nortelândia/MT;Nortelândia (MT)
Artur Nogueira/SP;Artur Nogueira/SP
Artur Nogueira/SP;Artur Nogueira (SP)
Artur Nogueira/SP;Holambra (SP)
Atibaia/SP;Atibaia/SP
Atibaia/SP;Atibaia (SP)
Atibaia/SP;Bom Jesus dos Perdões (SP)
Bagé/RS;Bagé/RS
Bagé/RS;Aceguá (RS)
Bagé/RS;Bagé (RS)
Bagé/RS;Candiota (RS)
Bagé/RS;Hulha Negra (RS)
Baixada Santista/SP;Baixada Santista/SP
Baixada Santista/SP;Cubatão (SP)
Baixada Santista/SP;Guarujá (SP)
Baixada Santista/SP;Itanhaém (SP)
Baixada Santista/SP;Mongaguá (SP)
Baixada Santista/SP;Praia Grande (SP)
Baixada Santista/SP;Santos (SP)
Baixada Santista/SP;São Vicente (SP)
Barbacena/MG;Barbacena/MG
Barbacena/MG;Alfredo Vasconcelos (MG)
Barbacena/MG;Antônio Carlos (MG)
Barbacena/MG;Barbacena (MG)
Barra Bonita - Igaraçu do Tietê/SP;Barra Bonita - Igaraçu do Tietê/SP
Barra Bonita - Igaraçu do Tietê/SP;Barra Bonita (SP)
Barra Bonita - Igaraçu do Tietê/SP;Igaraçu do Tietê (SP)
Barra do Garças/MT;Barra do Garças/MT
Barra do Garças/MT;Aragarças (GO)
Barra do Garças/MT;Barra do Garças (MT)
Barra do Garças/MT;Pontal do Araguaia (MT)
Bauru/SP;Bauru/SP
Bauru/SP;Bauru (SP)
Bauru/SP;Piratininga (SP)
Belém/PA;Belém/PA
Belém/PA;Ananindeua (PA)
Belém/PA;Belém (PA)
Belém/PA;Benevides (PA)
Belém/PA;Marituba (PA)
Belo Horizonte/MG;Belo Horizonte/MG
Belo Horizonte/MG;Belo Horizonte (MG)
Belo Horizonte/MG;Betim (MG)
Belo Horizonte/MG;Brumadinho (MG)
Belo Horizonte/MG;Caeté (MG)
Belo Horizonte/MG;Confins (MG)
Belo Horizonte/MG;Contagem (MG)
Belo Horizonte/MG;Esmeraldas (MG)
Belo Horizonte/MG;Ibirité (MG)
Belo Horizonte/MG;Igarapé (MG)
Belo Horizonte/MG;Juatuba (MG)
Belo Horizonte/MG;Lagoa Santa (MG)
Belo Horizonte/MG;Mário Campos (MG)
Belo Horizonte/MG;Nova Lima (MG)
Belo Horizonte/MG;Pedro Leopoldo (MG)
Belo Horizonte/MG;Raposos (MG)
Belo Horizonte/MG;Ribeirão das Neves (MG)
Belo Horizonte/MG;Rio Acima (MG)
Belo Horizonte/MG;Sabará (MG)
Belo Horizonte/MG;Santa Luzia (MG)
Belo Horizonte/MG;São Joaquim de Bicas (MG)
Belo Horizonte/MG;São José da Lapa (MG)
Belo Horizonte/MG;Sarzedo (MG)
Belo Horizonte/MG;Vespasiano (MG)
Bento Gonçalves/RS;Bento Gonçalves/RS
Bento Gonçalves/RS;Bento Gonçalves (RS)
Bento Gonçalves/RS;Carlos Barbosa (RS)
Bento Gonçalves/RS;Garibaldi (RS)
Bento Gonçalves/RS;Monte Belo do Sul (RS)
Bicas/MG;Bicas/MG
Bicas/MG;Bicas (MG)
Bicas/MG;Guarará (MG)
Birigui/SP;Birigui/SP
Birigui/SP;Birigui (SP)
Birigui/SP;Braúna (SP)
Birigui/SP;Brejo Alegre (SP)
Birigui/SP;Coroados (SP)
Blumenau/SC;Blumenau/SC
Blumenau/SC;Blumenau (SC)
Blumenau/SC;Gaspar (SC)
Blumenau/SC;Ilhota (SC)
Blumenau/SC;Indaial (SC)
Boituva - Iperó/SP;Boituva - Iperó/SP
Boituva - Iperó/SP;Boituva (SP)
Boituva - Iperó/SP;Iperó (SP)
Bom Jesus do Itabapoana/RJ;Bom Jesus do Itabapoana/RJ
Bom Jesus do Itabapoana/RJ;Bom Jesus do Itabapoana (RJ)
Bom Jesus do Itabapoana/RJ;Bom Jesus do Norte (ES)
Brasília/DF;Brasília/DF
Brasília/DF;Águas Lindas de Goiás (GO)
Brasília/DF;Brasília (DF)
Brasília/DF;Cidade Ocidental (GO)
Brasília/DF;Luziânia (GO)
Brasília/DF;Novo Gama (GO)
Brasília/DF;Padre Bernardo (GO)
Brasília/DF;Planaltina (GO)
Brasília/DF;Santo Antônio do Descoberto (GO)
Brasília/DF;Valparaíso de Goiás (GO)
Brejões - Nova Itarana/BA;Brejões - Nova Itarana/BA
Brejões - Nova Itarana/BA;Brejões (BA)
Brejões - Nova Itarana/BA;Nova Itarana (BA)
Brusque/SC;Brusque/SC
Brusque/SC;Botuverá (SC)
Brusque/SC;Brusque (SC)
Brusque/SC;Guabiruba (SC)
Cabo Frio/RJ;Cabo Frio/RJ
Cabo Frio/RJ;Armação dos Búzios (RJ)
Cabo Frio/RJ;Arraial do Cabo (RJ)
Cabo Frio/RJ;Cabo Frio (RJ)
Cabo Frio/RJ;São Pedro da Aldeia (RJ)
Cachoeira - Muritiba - Governador Mangabeira/BA;Cachoeira - Muritiba - Governador Mangabeira/BA
Cachoeira - Muritiba - Governador Mangabeira/BA;Cachoeira (BA)
Cachoeira - Muritiba - Governador Mangabeira/BA;Governador Mangabeira (BA)
Cachoeira - Muritiba - Governador Mangabeira/BA;Muritiba (BA)
Cachoeira - Muritiba - Governador Mangabeira/BA;São Félix (BA)
Caetés - Capoeiras/PE;Caetés - Capoeiras/PE
Caetés - Capoeiras/PE;Caetés (PE)
Caetés - Capoeiras/PE;Capoeiras (PE)
Caiçara - Logradouro/PB;Caiçara - Logradouro/PB
Caiçara - Logradouro/PB;Caiçara (PB)
Caiçara - Logradouro/PB;Logradouro (PB)
Caiçara do Norte/RN;Caiçara do Norte/RN
Caiçara do Norte/RN;Caiçara do Norte (RN)
Caiçara do Norte/RN;São Bento do Norte (RN)
Caldas Novas/GO;Caldas Novas/GO
Caldas Novas/GO;Caldas Novas (GO)
Caldas Novas/GO;Rio Quente (GO)
Cambuí/MG;Cambuí/MG
Cambuí/MG;Cambuí (MG)
Cambuí/MG;Córrego do Bom Jesus (MG)
Campina Grande/PB;Campina Grande/PB
Campina Grande/PB;Campina Grande (PB)
Campina Grande/PB;Lagoa Seca (PB)
Campina Grande/PB;Massaranduba (PB)
Campina Grande/PB;Puxinanã (PB)
Campina Grande/PB;Queimadas (PB)
Campinas/SP;Campinas/SP
Campinas/SP;Campinas (SP)
Campinas/SP;Cosmópolis (SP)
Campinas/SP;Hortolândia (SP)
Campinas/SP;Monte Mor (SP)
Campinas/SP;Paulínia (SP)
Campinas/SP;Sumaré (SP)
Campinas/SP;Valinhos (SP)
Campinas/SP;Vinhedo (SP)
Campos dos Goytacazes/RJ;Campos dos Goytacazes/RJ
Campos dos Goytacazes/RJ;Campos dos Goytacazes (RJ)
Campos dos Goytacazes/RJ;São João da Barra (RJ)
Canela - Gramado/RS;Canela - Gramado/RS
Canela - Gramado/RS;Canela (RS)
Canela - Gramado/RS;Gramado (RS)
Canoinhas/SC;Canoinhas/SC
Canoinhas/SC;Canoinhas (SC)
Canoinhas/SC;Três Barras (SC)
Capão Bonito/SP;Capão Bonito/SP
Capão Bonito/SP;Capão Bonito (SP)
Capão Bonito/SP;Ribeirão Grande (SP)
Capão da Canoa/RS;Capão da Canoa/RS
Capão da Canoa/RS;Capão da Canoa (RS)
Capão da Canoa/RS;Terra de Areia (RS)
Capão da Canoa/RS;Xangri-lá (RS)
Capinzal/SC;Capinzal/SC
Capinzal/SC;Capinzal (SC)
Capinzal/SC;Ouro (SC)
Capinzal/SC;Zortéa (SC)
Capivari/SP;Capivari/SP
Capivari/SP;Capivari (SP)
Capivari/SP;Rafard (SP)
Caraguatatuba - Ubatuba - São Sebastião/SP;Caraguatatuba - Ubatuba - São Sebastião/SP
Caraguatatuba - Ubatuba - São Sebastião/SP;Caraguatatuba (SP)
Caraguatatuba - Ubatuba - São Sebastião/SP;Ilhabela (SP)
Caraguatatuba - Ubatuba - São Sebastião/SP;São Sebastião (SP)
Caraguatatuba - Ubatuba - São Sebastião/SP;Ubatuba (SP)
Caraí/MG;Caraí/MG
Caraí/MG;Caraí (MG)
Caraí/MG;Catuji (MG)
Carolina/MA;Carolina/MA
Carolina/MA;Carolina (MA)
Carolina/MA;Filadélfia (TO)
Cascavel/PR;Cascavel/PR
Cascavel/PR;Cascavel (PR)
Cascavel/PR;Santa Tereza do Oeste (PR)
Catalão/GO;Catalão/GO
Catalão/GO;Catalão (GO)
Catalão/GO;Goiandira (GO)
Catalão/GO;Ouvidor (GO)
Catalão/GO;Três Ranchos (GO)
Catanduva/SP;Catanduva/SP
Catanduva/SP;Catanduva (SP)
Catanduva/SP;Catiguá (SP)
Catanduva/SP;Elisiário (SP)
Catanduva/SP;Embaúba (SP)
Catanduva/SP;Marapoama (SP)
Catanduva/SP;Novais (SP)
Catanduva/SP;Pindorama (SP)
Caxambu - Baependi/MG;Caxambu - Baependi/MG
Caxambu - Baependi/MG;Baependi (MG)
Caxambu - Baependi/MG;Caxambu (MG)
Caxias do Sul/RS;Caxias do Sul/RS
Caxias do Sul/RS;Caxias do Sul (RS)
Caxias do Sul/RS;Farroupilha (RS)
Caxias do Sul/RS;Vale Real (RS)
Ceres - Rialma/GO;Ceres - Rialma/GO
Ceres - Rialma/GO;Ceres (GO)
Ceres - Rialma/GO;Rialma (GO)
Cerquilho - Tietê/SP;Cerquilho - Tietê/SP
Cerquilho - Tietê/SP;Cerquilho (SP)
Cerquilho - Tietê/SP;Tietê (SP)
Cerro Largo/RS;Cerro Largo/RS
Cerro Largo/RS;Cerro Largo (RS)
Cerro Largo/RS;Salvador das Missões (RS)
Chapecó/SC;Chapecó/SC
Chapecó/SC;Chapecó (SC)
Chapecó/SC;Cordilheira Alta (SC)
Chapecó/SC;Guatambú (SC)
Charqueadas - Triunfo - São Jerônimo/RS;Charqueadas - Triunfo - São Jerônimo/RS
Charqueadas - Triunfo - São Jerônimo/RS;Charqueadas (RS)
Charqueadas - Triunfo - São Jerônimo/RS;São Jerônimo (RS)
Charqueadas - Triunfo - São Jerônimo/RS;Triunfo (RS)
Cidreira - Balneário Pinhal/RS;Cidreira - Balneário Pinhal/RS
Cidreira - Balneário Pinhal/RS;Balneário Pinhal (RS)
Cidreira - Balneário Pinhal/RS;Cidreira (RS)
Colorado/PR;Colorado/PR
;Colorado (PR)
;Nossa Senhora das Graças (PR)
Conceição do Almeida - Sapeaçu/BA;Conceição do Almeida - Sapeaçu/BA
;Conceição do Almeida (BA)
;Sapeaçu (BA)
Conselheiro Lafaiete/MG;Conselheiro Lafaiete/MG
;Congonhas (MG)
;Conselheiro Lafaiete (MG)
;Jeceaba (MG)
;Ouro Branco (MG)
;Queluzito (MG)
;São Brás do Suaçuí (MG)
Cordeiro - Cantagalo/RJ;Cordeiro - Cantagalo/RJ
;Cantagalo (RJ)
;Cordeiro (RJ)
Criciúma/SC;Criciúma/SC
;Cocal do Sul (SC)
;Criciúma (SC)
;Forquilhinha (SC)
;Içara (SC)
;Morro da Fumaça (SC)
;Morro Grande (SC)
;Nova Veneza (SC)
;Siderópolis (SC)
;Treviso (SC)
;Urussanga (SC)
Cruzeiro/SP;Cruzeiro/SP
;Cruzeiro (SP)
;Lavrinhas (SP)
Cuiabá/MT;Cuiabá/MT
;Cuiabá (MT)
;Várzea Grande (MT)
Cuité - Nova Floresta/PB;Cuité - Nova Floresta/PB
;Cuité (PB)
;Nova Floresta (PB)
Curitiba/PR;Curitiba/PR
;Almirante Tamandaré (PR)
;Araucária (PR)
;Balsa Nova (PR)
;Bocaiúva do Sul (PR)
;Campina Grande do Sul (PR)
;Campo Largo (PR)
;Campo Magro (PR)
;Colombo (PR)
;Contenda (PR)
;Curitiba (PR)
;Fazenda Rio Grande (PR)
;Itaperuçu (PR)
;Mandirituba (PR)
;Pinhais (PR)
;Piraquara (PR)
;Quatro Barras (PR)
;Rio Branco do Sul (PR)
;São José dos Pinhais (PR)
Curvelo/MG;Curvelo/MG
;Curvelo (MG)
;Inimutaba (MG)
Duas Estradas - Serra da Raiz/PB;Duas Estradas - Serra da Raiz/PB
;Duas Estradas (PB)
;Serra da Raiz (PB)
Estreito/MA;Estreito/MA
;Aguiarnópolis (TO)
;Estreito (MA)
Fernandópolis/SP;Fernandópolis/SP
;Fernandópolis (SP)
;Macedônia (SP)
;Pedranópolis (SP)
Floriano/PI;Floriano/PI
;Barão de Grajaú (MA)
;Floriano (PI)
Florianópolis/SC;Florianópolis/SC
;Águas Mornas (SC)
;Antônio Carlos (SC)
;Biguaçu (SC)
;Florianópolis (SC)
;Governador Celso Ramos (SC)
;Palhoça (SC)
;Paulo Lopes (SC)
;Santo Amaro da Imperatriz (SC)
;São José (SC)
;São Pedro de Alcântara (SC)
Fortaleza/CE;Fortaleza/CE
;Aquiraz (CE)
;Caucaia (CE)
;Eusébio (CE)
;Fortaleza (CE)
;Itaitinga (CE)
;Maracanaú (CE)
;Maranguape (CE)
;Pacatuba (CE)
Franca/SP;Franca/SP
;Claraval (MG)
;Cristais Paulista (SP)
;Franca (SP)
;Itirapuã (SP)
;Patrocínio Paulista (SP)
;Restinga (SP)
;Ribeirão Corrente (SP)
Gastão Vidigal - Monções/SP;Gastão Vidigal - Monções/SP
;Gastão Vidigal (SP)
;Monções (SP)
Getúlio Vargas/RS;Getúlio Vargas/RS
;Estação (RS)
;Getúlio Vargas (RS)
Goianésia/GO;Goianésia/GO
;Barro Alto (GO)
;Goianésia (GO)
;Santa Rita do Novo Destino (GO)
Goiânia/GO;Goiânia/GO
;Abadia de Goiás (GO)
;Aparecida de Goiânia (GO)
;Aragoiânia (GO)
;Bonfinópolis (GO)
;Brazabrantes (GO)
;Caldazinha (GO)
;Goiânia (GO)
;Goianira (GO)
;Guapó (GO)
;Hidrolândia (GO)
;Nerópolis (GO)
;Nova Veneza (GO)
;Santo Antônio de Goiás (GO)
;Senador Canedo (GO)
;Trindade (GO)
Guarabira/PB;Guarabira/PB
;Guarabira (PB)
;Pilõezinhos (PB)
Guaratinguetá/SP;Guaratinguetá/SP
;Aparecida (SP)
;Guaratinguetá (SP)
;Potim (SP)
;Roseira (SP)
Guariba/SP;Guariba/SP
;Guariba (SP)
;Santa Ernestina (SP)
Igarapava/SP;Igarapava/SP
;Aramina (SP)
;Delta (MG)
;Igarapava (SP)
Iguape/SP;Iguape/SP
;Iguape (SP)
;Ilha Comprida (SP)
Imbituba/SC;Imbituba/SC
;Garopaba (SC)
;Imbituba (SC)
Imperatriz/MA;Imperatriz/MA
;Davinópolis (MA)
;Imperatriz (MA)
Indiara/GO;Indiara/GO
;Indiara (GO)
;Jandaia (GO)
Internacional Chuy/Uruguai - Chuí/Brasil;Internacional Chuy/Uruguai - Chuí/Brasil
;Chuí (RS)
Internacional de Artigas/Uruguai - Quaraí/Brasil;Internacional de Artigas/Uruguai - Quaraí/Brasil
;Quaraí (RS)
Internacional de Assis Brasil/Brasil;Internacional de Assis Brasil/Brasil
;Assis Brasil (AC)
Internacional de Bela Vista/Brasil;Internacional de Bela Vista/Brasil
;Bela Vista (MS)
Internacional de Bella Unión/Uruguai - Monte Caseros/Argentina;Internacional de Bella Unión/Uruguai - Monte Caseros/Argentina
;Barra do Quaraí (RS)
Internacional de Bonfim/Brasil - Ireng/Guiana;Internacional de Bonfim/Brasil - Ireng/Guiana
;Bonfim (RR)
Internacional de Capitán Bado/Paraguai - Coronel Sapucaia/Brasil;Internacional de Capitán Bado/Paraguai - Coronel Sapucaia/Brasil
;Coronel Sapucaia (MS)
Internacional de Cobija/Bolívia - Brasiléia/Brasil;Internacional de Cobija/Bolívia - Brasiléia/Brasil
;Brasiléia (AC)
;Epitaciolândia (AC)
Internacional de Corumbá/Brasil;Internacional de Corumbá/Brasil
;Corumbá (MS)
;Ladário (MS)
Internacional de Dionísio Cerqueira-Barracão/Brasil - Bernardo de Irigoyen/Argentina;Internacional de Dionísio Cerqueira-Barracão/Brasil - Bernardo de Irigoyen/Argentina
;Barracão (PR)
;Dionísio Cerqueira (SC)
Internacional de Foz do Iguaçu/Brasil - Ciudad del Este/Paraguai;Internacional de Foz do Iguaçu/Brasil - Ciudad del Este/Paraguai
;Foz do Iguaçu (PR)
;Santa Terezinha de Itaipu (PR)
Internacional de Garruchos/Brasil;Internacional de Garruchos/Brasil
;Garruchos (RS)
Internacional de Guaíra/Brasil;Internacional de Guaíra/Brasil
;Guaíra (PR)
Internacional de Guajará-Mirim/Brasil - Guayaramerín/Bolívia;Internacional de Guajará-Mirim/Brasil - Guayaramerín/Bolívia
;Guajará-Mirim (RO)
Internacional de Itaqui/Brasil;Internacional de Itaqui/Brasil
;Itaqui (RS)
Internacional de Jaguarão/Brasil - Rio Branco/Uruguai;Internacional de Jaguarão/Brasil - Rio Branco/Uruguai
;Jaguarão (RS)
Internacional de Oiapoque/Brasil;Internacional de Oiapoque/Brasil
;Oiapoque (AP)
Internacional de Paranhos/Brasil - Ypejhú/Paraguai;Internacional de Paranhos/Brasil - Ypejhú/Paraguai
;Paranhos (MS)
Internacional de Pedro Juan Caballero/Paraguai - Ponta Porã/Brasil;Internacional de Pedro Juan Caballero/Paraguai - Ponta Porã/Brasil
;Ponta Porã (MS)
Internacional de Porto Mauá/Brasil - Alba Posse/Argentina;Internacional de Porto Mauá/Brasil - Alba Posse/Argentina
;Porto Mauá (RS)
Internacional de Porto Vera Cruz/Brasil - Panambí/Argentina;Internacional de Porto Vera Cruz/Brasil - Panambí/Argentina
;Porto Vera Cruz (RS)
Internacional de Porto Xavier/Brasil - San Javier/Argentina;Internacional de Porto Xavier/Brasil - San Javier/Argentina
;Porto Xavier (RS)
Internacional de Sant'Ana do Livramento/Brasil - Rivera/Uruguai;Internacional de Sant'Ana do Livramento/Brasil - Rivera/Uruguai
;Sant´Ana do Livramento (RS)
Internacional de Santo Antônio do Sudoeste/Brasil;Internacional de Santo Antônio do Sudoeste/Brasil
;Pranchita (PR)
;Santo Antônio do Sudoeste (PR)
Internacional de São Borja/Brasil;Internacional de São Borja/Brasil
;São Borja (RS)
Internacional de Tabatinga/Brasil - Letícia/Colômbia;Internacional de Tabatinga/Brasil - Letícia/Colômbia
;Tabatinga (AM)
Internacional de Uruguaiana/Brasil;Internacional de Uruguaiana/Brasil
;Uruguaiana (RS)
Ipatinga/MG;Ipatinga/MG
;Belo Oriente (MG)
;Bugre (MG)
;Coronel Fabriciano (MG)
;Ipaba (MG)
;Ipatinga (MG)
;Jaguaraçu (MG)
;Marliéria (MG)
;Naque (MG)
;Santana do Paraíso (MG)
;Timóteo (MG)
Itajaí - Balneário Camboriú/SC;Itajaí - Balneário Camboriú/SC
;Balneário Camboriú (SC)
;Balneário Piçarras (SC)
;Barra Velha (SC)
;Camboriú (SC)
;Itajaí (SC)
;Navegantes (SC)
;Penha (SC)
Itajubá/MG;Itajubá/MG
;Itajubá (MG)
;Piranguçu (MG)
;Piranguinho (MG)
;São José do Alegre (MG)
;Wenceslau Braz (MG)
Itambé/PE - Pedras de Fogo/PB;Itambé/PE - Pedras de Fogo/PB
;Camutanga (PE)
;Itambé (PE)
;Juripiranga (PB)
;Pedras de Fogo (PB)
Itaocara/RJ;Itaocara/RJ
;Aperibé (RJ)
;Itaocara (RJ)
Itapema/SC;Itapema/SC
;Bombinhas (SC)
;Itapema (SC)
;Porto Belo (SC)
Itapetininga/SP;Itapetininga/SP
;Alambari (SP)
;Itapetininga (SP)
Itapiranga/SC;Itapiranga/SC
;Barra do Guarita (RS)
;Itapiranga (SC)
Itaúna/MG;Itaúna/MG
;Itatiaiuçu (MG)
;Itaúna (MG)
Itu - Salto/SP;Itu - Salto/SP
;Itu (SP)
;Salto (SP)
Itumbiara/GO;Itumbiara/GO
;Araporã (MG)
;Itumbiara (GO)
Ivoti/RS;Ivoti/RS
;Ivoti (RS)
;Lindolfo Collor (RS)
;Presidente Lucena (RS)
Jacaraú/PB;Jacaraú/PB
;Jacaraú (PB)
;Pedro Régis (PB)
Jaciara/MT;Jaciara/MT
;Jaciara (MT)
;São Pedro da Cipa (MT)
Jales/SP;Jales/SP
;Dirce Reis (SP)
;Jales (SP)
;Vitória Brasil (SP)
Janaúba/MG;Janaúba/MG
;Janaúba (MG)
;Nova Porteirinha (MG)
Jandaia do Sul/PR;Jandaia do Sul/PR
;Cambira (PR)
;Jandaia do Sul (PR)
Jaraguá do Sul/SC;Jaraguá do Sul/SC
;Corupá (SC)
;Guaramirim (SC)
;Jaraguá do Sul (SC)
;Schroeder (SC)
Jardim/MS;Jardim/MS
;Guia Lopes da Laguna (MS)
;Jardim (MS)
Joaçaba - Herval d´Oeste/SC;Joaçaba - Herval d´Oeste/SC
;Herval d´Oeste (SC)
;Joaçaba (SC)
;Luzerna (SC)
João Monlevade/MG;João Monlevade/MG
;Bela Vista de Minas (MG)
;João Monlevade (MG)
João Pessoa/PB;João Pessoa/PB
;Bayeux (PB)
;Cabedelo (PB)
;Conde (PB)
;João Pessoa (PB)
;Lucena (PB)
;Santa Rita (PB)
Joinville/SC;Joinville/SC
;Araquari (SC)
;Joinville (SC)
Juazeiro do Norte/CE;Juazeiro do Norte/CE
;Barbalha (CE)
;Crato (CE)
;Juazeiro do Norte (CE)
Jucás - Cariús/CE;Jucás - Cariús/CE
;Cariús (CE)
;Jucás (CE)
Juiz de Fora/MG;Juiz de Fora/MG
;Chácara (MG)
;Ewbank da Câmara (MG)
;Juiz de Fora (MG)
;Matias Barbosa (MG)
;Simão Pereira (MG)
Jundiaí/SP;Jundiaí/SP
;Cabreúva (SP)
;Campo Limpo Paulista (SP)
;Itupeva (SP)
;Jarinu (SP)
;Jundiaí (SP)
;Louveira (SP)
;Várzea Paulista (SP)
Lagoa da Prata/MG;Lagoa da Prata/MG
;Japaraíba (MG)
;Lagoa da Prata (MG)
Lagoa Vermelha/RS;Lagoa Vermelha/RS
;Capão Bonito do Sul (RS)
;Lagoa Vermelha (RS)
Lajeado/RS;Lajeado/RS
;Arroio do Meio (RS)
;Bom Retiro do Sul (RS)
;Cruzeiro do Sul (RS)
;Estrela (RS)
;Fazenda Vilanova (RS)
;Forquetinha (RS)
;Lajeado (RS)
;Santa Clara do Sul (RS)
Laranjal do Jari/AP - Almeirim/PA;Laranjal do Jari/AP - Almeirim/PA
;Almeirim (PA)
;Laranjal do Jari (AP)
;Vitória do Jari (AP)
Lavras/MG;Lavras/MG
;Ijaci (MG)
;Itumirim (MG)
;Lavras (MG)
;Ribeirão Vermelho (MG)
Leme/SP;Leme/SP
;Leme (SP)
;Santa Cruz da Conceição (SP)
Limeira/SP;Limeira/SP
;Iracemápolis (SP)
;Limeira (SP)
Londrina/PR;Londrina/PR
;Cambé (PR)
;Ibiporã (PR)
;Jataizinho (PR)
;Londrina (PR)
Lorena/SP;Lorena/SP
;Canas (SP)
;Lorena (SP)
Macaé - Rio das Ostras/RJ;Macaé - Rio das Ostras/RJ
;Carapebus (RJ)
;Casimiro de Abreu (RJ)
;Conceição de Macabu (RJ)
;Macaé (RJ)
;Rio das Ostras (RJ)
Macapá/AP;Macapá/AP
;Macapá (AP)
;Santana (AP)
Maceió/AL;Maceió/AL
;Barra de Santo Antônio (AL)
;Coqueiro Seco (AL)
;Maceió (AL)
;Marechal Deodoro (AL)
;Messias (AL)
;Paripueira (AL)
;Rio Largo (AL)
;Santa Luzia do Norte (AL)
;Satuba (AL)
Mafra/SC - Rio Negro/PR;Mafra/SC - Rio Negro/PR
;Mafra (SC)
;Rio Negro (PR)
Mamanguape - Rio Tinto/PB;Mamanguape - Rio Tinto/PB
;Mamanguape (PB)
;Rio Tinto (PB)
Maragogi/AL - São José da Coroa Grande/PE;Maragogi/AL - São José da Coroa Grande/PE
;Maragogi (AL)
;São José da Coroa Grande (PE)
Marília/SP;Marília/SP
;Marília (SP)
;Oriente (SP)
;Vera Cruz (SP)
Maringá/PR;Maringá/PR
;Floresta (PR)
;Iguaraçu (PR)
;Itambé (PR)
;Mandaguaçu (PR)
;Marialva (PR)
;Maringá (PR)
;Ourizona (PR)
;Paiçandu (PR)
;Presidente Castelo Branco (PR)
;Sarandi (PR)
Matão/SP;Matão/SP
;Dobrada (SP)
;Matão (SP)
Matinhos - Pontal do Paraná/PR;Matinhos - Pontal do Paraná/PR
;Matinhos (PR)
;Pontal do Paraná (PR)
Matozinhos/MG;Matozinhos/MG
;Capim Branco (MG)
;Matozinhos (MG)
Maurilândia/GO;Maurilândia/GO
;Maurilândia (GO)
;Porteirão (GO)
;Turvelândia (GO)
Mendes - Engenheiro Paulo de Frontin/RJ;Mendes - Engenheiro Paulo de Frontin/RJ
;Engenheiro Paulo de Frontin (RJ)
;Mendes (RJ)
Miracema do Tocantins/TO;Miracema do Tocantins/TO
;Miracema do Tocantins (TO)
;Tocantínia (TO)
Mogi Guaçu - Mogi Mirim/SP;Mogi Guaçu - Mogi Mirim/SP
;Estiva Gerbi (SP)
;Mogi Guaçu (SP)
;Mogi Mirim (SP)
Morros - Axixá/MA;Morros - Axixá/MA
;Axixá (MA)
;Morros (MA)
Natal/RN;Natal/RN
;Extremoz (RN)
;Macaíba (RN)
;Natal (RN)
;Parnamirim (RN)
;São Gonçalo do Amarante (RN)
Nhamundá/AM;Nhamundá/AM
;Faro (PA)
;Nhamundá (AM)
Nova Granada/SP;Nova Granada/SP
;Nova Granada (SP)
;Onda Verde (SP)
Nova Londrina - Marilena/PR;Nova Londrina - Marilena/PR
;Marilena (PR)
;Nova Londrina (PR)
Nova Serrana/MG;Nova Serrana/MG
;Leandro Ferreira (MG)
;Nova Serrana (MG)
Novo Hamburgo - São Leopoldo/RS;Novo Hamburgo - São Leopoldo/RS
;Campo Bom (RS)
;Estância Velha (RS)
;Novo Hamburgo (RS)
;Portão (RS)
;São Leopoldo (RS)
Otacílio Costa/SC;Otacílio Costa/SC
;Otacílio Costa (SC)
;Palmeira (SC)
Ourinhos/SP;Ourinhos/SP
;Canitar (SP)
;Ourinhos (SP)
Paraguaçu Paulista/SP;Paraguaçu Paulista/SP
;Borá (SP)
;Paraguaçu Paulista (SP)
Paranacity/PR;Paranacity/PR
;Cruzeiro do Sul (PR)
;Paranacity (PR)
Paranavaí/PR;Paranavaí/PR
;Nova Aliança do Ivaí (PR)
;Paranavaí (PR)
Paraopeba/MG;Paraopeba/MG
;Caetanópolis (MG)
;Paraopeba (MG)
Passos/SP;Passos/SP
;Fortaleza de Minas (MG)
;Passos (MG)
Pato Branco/PR;Pato Branco/PR
;Pato Branco (PR)
;Vitorino (PR)
Patos/PB;Patos/PB
;Patos (PB)
;Quixabá (PB)
Paty do Alferes - Miguel Pereira/RJ;Paty do Alferes - Miguel Pereira/RJ
;Miguel Pereira (RJ)
;Paty do Alferes (RJ)
Paulo de Faria - Orindiúva/SP;Paulo de Faria - Orindiúva/SP
;Orindiúva (SP)
;Paulo de Faria (SP)
Pedreiras/MA;Pedreiras/MA
;Pedreiras (MA)
;Trizidela do Vale (MA)
Pedro Afonso/TO;Pedro Afonso/TO
;Bom Jesus do Tocantins (TO)
;Pedro Afonso (TO)
;Tupirama (TO)
Pedro Osório - Cerrito/RS;Pedro Osório - Cerrito/RS
;Cerrito (RS)
;Pedro Osório (RS)
Pelotas/RS;Pelotas/RS
;Arroio do Padre (RS)
;Capão do Leão (RS)
;Pelotas (RS)
Penedo/AL;Penedo/AL
;Neópolis (SE)
;Penedo (AL)
Petrolina/PE - Juazeiro/BA;Petrolina/PE - Juazeiro/BA
;Juazeiro (BA)
;Petrolina (PE)
Petrópolis/RJ;Petrópolis/RJ
;Areal (RJ)
;Petrópolis (RJ)
Picos/PI;Picos/PI
;Geminiano (PI)
;Picos (PI)
Piracicaba/SP;Piracicaba/SP
;Charqueada (SP)
;Piracicaba (SP)
;Rio das Pedras (SP)
;Saltinho (SP)
Pirajuí/SP;Pirajuí/SP
;Balbinos (SP)
;Pirajuí (SP)
Pirapora - Buritizeiro/MG;Pirapora - Buritizeiro/MG
;Buritizeiro (MG)
;Pirapora (MG)
Pirapozinho/SP;Pirapozinho/SP
;Narandiba (SP)
;Pirapozinho (SP)
Piratuba - Ipira/SC;Piratuba - Ipira/SC
;Ipira (SC)
;Piratuba (SC)
Pires do Rio/GO;Pires do Rio/GO
;Palmelo (GO)
;Pires do Rio (GO)
;Urutaí (GO)
Pitangui/MG;Pitangui/MG
;Conceição do Pará (MG)
;Pitangui (MG)
Planura/MG - Colômbia/SP;Planura/MG - Colômbia/SP
;Colômbia (SP)
;Planura (MG)
Pompéia/SP;Pompéia/SP
;Pompéia (SP)
;Quintana (SP)
Ponta Grossa/PR;Ponta Grossa/PR
;Carambeí (PR)
;Ponta Grossa (PR)
Ponte Nova/MG;Ponte Nova/MG
;Oratórios (MG)
;Ponte Nova (MG)
Ponto Belo - Mucurici/ES;Ponto Belo - Mucurici/ES
;Mucurici (ES)
;Ponto Belo (ES)
Porto Alegre/RS;Porto Alegre/RS
;Alvorada (RS)
;Cachoeirinha (RS)
;Canoas (RS)
;Eldorado do Sul (RS)
;Esteio (RS)
;Glorinha (RS)
;Gravataí (RS)
;Guaíba (RS)
;Nova Santa Rita (RS)
;Porto Alegre (RS)
;Sapucaia do Sul (RS)
;Viamão (RS)
Porto Velho/RO;Porto Velho/RO
;Candeias do Jamari (RO)
;Porto Velho (RO)
Pouso Alto/MG;Pouso Alto/MG
;Pouso Alto (MG)
;São Sebastião do Rio Verde (MG)
Praia Grande/SC;Praia Grande/SC
;Mampituba (RS)
;Praia Grande (SC)
Presidente Juscelino - Cachoeira Grande/MA;Presidente Juscelino - Cachoeira Grande/MA
;Cachoeira Grande (MA)
;Presidente Juscelino (MA)
Presidente Prudente/SP;Presidente Prudente/SP
;Alfredo Marcondes (SP)
;Álvares Machado (SP)
;Anhumas (SP)
;Caiabu (SP)
;Emilianópolis (SP)
;Indiana (SP)
;Presidente Bernardes (SP)
;Presidente Prudente (SP)
;Regente Feijó (SP)
;Santo Expedito (SP)
;Taciba (SP)
;Tarabai (SP)
Presidente Venceslau/SP;Presidente Venceslau/SP
;Caiuá (SP)
;Presidente Venceslau (SP)
Propriá/SE;Propriá/SE
;Propriá (SE)
;Telha (SE)
Recife/PE;Recife/PE
;Abreu e Lima (PE)
;Araçoiaba (PE)
;Cabo de Santo Agostinho (PE)
;Camaragibe (PE)
;Igarassu (PE)
;Ilha de Itamaracá (PE)
;Ipojuca (PE)
;Itapissuma (PE)
;Jaboatão dos Guararapes (PE)
;Moreno (PE)
;Olinda (PE)
;Paudalho (PE)
;Paulista (PE)
;Recife (PE)
;São Lourenço da Mata (PE)
Redenção - Acarape/CE;Redenção - Acarape/CE
;Acarape (CE)
;Redenção (CE)
Resende/RJ;Resende/RJ
;Itatiaia (RJ)
;Porto Real (RJ)
;Quatis (RJ)
;Resende (RJ)
Ribeirão Preto/SP;Ribeirão Preto/SP
;Brodowski (SP)
;Cravinhos (SP)
;Jardinópolis (SP)
;Ribeirão Preto (SP)
;Santa Cruz da Esperança (SP)
;Serra Azul (SP)
;Serrana (SP)
Rio Claro/SP;Rio Claro/SP
;Ipeúna (SP)
;Rio Claro (SP)
;Santa Gertrudes (SP)
Rio de Janeiro/RJ;Rio de Janeiro/RJ
;Belford Roxo (RJ)
;Duque de Caxias (RJ)
;Guapimirim (RJ)
;Itaboraí (RJ)
;Itaguaí (RJ)
;Japeri (RJ)
;Magé (RJ)
;Mangaratiba (RJ)
;Maricá (RJ)
;Mesquita (RJ)
;Nilópolis (RJ)
;Niterói (RJ)
;Nova Iguaçu (RJ)
;Paracambi (RJ)
;Queimados (RJ)
;Rio de Janeiro (RJ)
;São Gonçalo (RJ)
;São João de Meriti (RJ)
;Saquarema (RJ)
;Seropédica (RJ)
;Tanguá (RJ)
Rio do Sul/SC;Rio do Sul/SC
;Agronômica (SC)
;Lontras (SC)
;Rio do Sul (SC)
Riolândia/SP;Riolândia/SP
;Pontes Gestal (SP)
;Riolândia (SP)
Salvador do Sul/RS;Salvador do Sul/RS
;Salvador do Sul (RS)
;São Pedro da Serra (RS)
Salvador/BA;Salvador/BA
;Camaçari (BA)
;Candeias (BA)
;Dias d´Ávila (BA)
;Lauro de Freitas (BA)
;Madre de Deus (BA)
;Mata de São João (BA)
;Salvador (BA)
;São Francisco do Conde (BA)
;São Sebastião do Passé (BA)
;Simões Filho (BA)
Santa Adélia - Palmares Paulista - Ariranha/SP;Santa Adélia - Palmares Paulista - Ariranha/SP
;Ariranha (SP)
;Palmares Paulista (SP)
;Santa Adélia (SP)
Santa Cruz do Sul/RS;Santa Cruz do Sul/RS
;Santa Cruz do Sul (RS)
;Vera Cruz (RS)
Santa Fé do Sul/SP;Santa Fé do Sul/SP
;Rubinéia (SP)
;Santa Clara d´Oeste (SP)
;Santa Fé do Sul (SP)
;Santa Rita d´Oeste (SP)
;Santana da Ponte Pensa (SP)
;Três Fronteiras (SP)
Santa Helena - Turilândia/MA;Santa Helena - Turilândia/MA
;Santa Helena (MA)
;Turilândia (MA)
Santa Maria da Vitória/BA;Santa Maria da Vitória/BA
;Santa Maria da Vitória (BA)
;São Félix do Coribe (BA)
Santa Maria/RS;Santa Maria/RS
;Itaara (RS)
;Santa Maria (RS)
Santo Ângelo/RS;Santo Ângelo/RS
;Entre-Ijuís (RS)
;Santo Ângelo (RS)
Santo Antônio de Pádua/RJ;Santo Antônio de Pádua/RJ
;Pirapetinga (MG)
;Santo Antônio de Pádua (RJ)
Santo Antônio do Aracanguá/SP;Santo Antônio do Aracanguá/SP
;Nova Luzitânia (SP)
;Santo Antônio do Aracanguá (SP)
Santo Antônio/RN;Santo Antônio/RN
;Santo Antônio (RN)
;Serrinha (RN)
São Bento do Sul - Rio Negrinho/SC;São Bento do Sul - Rio Negrinho/SC
;Rio Negrinho (SC)
;São Bento do Sul (SC)
São Carlos - Águas de Chapecó/SC;São Carlos - Águas de Chapecó/SC
;Águas de Chapecó (SC)
;São Carlos (SC)
São Carlos/SP;São Carlos/SP
;Ibaté (SP)
;São Carlos (SP)
São Gabriel/RS;São Gabriel/RS
;Santa Margarida do Sul (RS)
;São Gabriel (RS)
São Geraldo do Araguaia/PA;São Geraldo do Araguaia/PA
;São Geraldo do Araguaia (PA)
;Xambioá (TO)
São João da Boa Vista/SP;São João da Boa Vista/SP
;Águas da Prata (SP)
;São João da Boa Vista (SP)
São João del Rei/MG;São João del Rei/MG
;Coronel Xavier Chaves (MG)
;Santa Cruz de Minas (MG)
;São João del Rei (MG)
;Tiradentes (MG)
São José de Mipibu - Nísia Floresta/RN;São José de Mipibu - Nísia Floresta/RN
;Nísia Floresta (RN)
;São José de Mipibu (RN)
São José do Rio Preto/SP;São José do Rio Preto/SP
;Bady Bassitt (SP)
;Bálsamo (SP)
;Cedral (SP)
;Guapiaçu (SP)
;Ipiguá (SP)
;Jaci (SP)
;Mirassol (SP)
;Mirassolândia (SP)
;Neves Paulista (SP)
;Nova Aliança (SP)
;São José do Rio Preto (SP)
;Uchoa (SP)
São José dos Campos/SP;São José dos Campos/SP
;Caçapava (SP)
;Jacareí (SP)
;Jambeiro (SP)
;Monteiro Lobato (SP)
;Santa Branca (SP)
;São José dos Campos (SP)
São Lourenço/MG;São Lourenço/MG
;São Lourenço (MG)
;Soledade de Minas (MG)
São Luís/MA;São Luís/MA
;Paço do Lumiar (MA)
;Raposa (MA)
;São José de Ribamar (MA)
;São Luís (MA)
São Paulo/SP;São Paulo/SP
;Arujá (SP)
;Barueri (SP)
;Biritiba-Mirim (SP)
;Caieiras (SP)
;Cajamar (SP)
;Carapicuíba (SP)
;Cotia (SP)
;Diadema (SP)
;Embu (SP)
;Embu-Guaçu (SP)
;Ferraz de Vasconcelos (SP)
;Francisco Morato (SP)
;Franco da Rocha (SP)
;Guarulhos (SP)
;Itapecerica da Serra (SP)
;Itapevi (SP)
;Itaquaquecetuba (SP)
;Jandira (SP)
;Mairiporã (SP)
;Mauá (SP)
;Mogi das Cruzes (SP)
;Osasco (SP)
;Pirapora do Bom Jesus (SP)
;Poá (SP)
;Ribeirão Pires (SP)
;Rio Grande da Serra (SP)
;Salesópolis (SP)
;Santa Isabel (SP)
;Santana de Parnaíba (SP)
;Santo André (SP)
;São Bernardo do Campo (SP)
;São Caetano do Sul (SP)
;São Lourenço da Serra (SP)
;São Paulo (SP)
;Suzano (SP)
;Taboão da Serra (SP)
;Vargem Grande Paulista (SP)
São Pedro/SP;São Pedro/SP
;Águas de São Pedro (SP)
;São Pedro (SP)
São Roque - Mairinque/SP;São Roque - Mairinque/SP
;Mairinque (SP)
;São Roque (SP)
São Sebastião da Amoreira/PR;São Sebastião da Amoreira/PR
;Nova América da Colina (PR)
;São Sebastião da Amoreira (PR)
Sapiranga/RS;Sapiranga/RS
;Araricá (RS)
;Nova Hartz (RS)
;Sapiranga (RS)
Serranos - Seritinga/MG;Serranos - Seritinga/MG
;Seritinga (MG)
;Serranos (MG)
Sete Lagoas/MG;Sete Lagoas/MG
;Inhaúma (MG)
;Prudente de Morais (MG)
;Sete Lagoas (MG)
Sobral/CE;Sobral/CE
;Forquilha (CE)
;Sobral (CE)
Solânea - Bananeiras/PB;Solânea - Bananeiras/PB
;Bananeiras (PB)
;Solânea (PB)
Sombrio/SC;Sombrio/SC
;Balneário Gaivota (SC)
;Sombrio (SC)
Sorocaba/SP;Sorocaba/SP
;Alumínio (SP)
;Araçoiaba da Serra (SP)
;Salto de Pirapora (SP)
;Sorocaba (SP)
;Votorantim (SP)
Soure - Salvaterra/PA;Soure - Salvaterra/PA
;Salvaterra (PA)
;Soure (PA)
Taquara - Parobé - Igrejinha/RS;Taquara - Parobé - Igrejinha/RS
;Igrejinha (RS)
;Parobé (RS)
;Taquara (RS)
;Três Coroas (RS)
Taquaruçu do Sul - Vista Alegre/RS;Taquaruçu do Sul - Vista Alegre/RS
;Taquaruçu do Sul (RS)
;Vista Alegre (RS)
Taubaté - Pindamonhangaba/SP;Taubaté - Pindamonhangaba/SP
;Pindamonhangaba (SP)
;Redenção da Serra (SP)
;Taubaté (SP)
;Tremembé (SP)
Teresina/PI;Teresina/PI
;Teresina (PI)
;Timon (MA)
Teutônia/RS;Teutônia/RS
;Paverama (RS)
;Teutônia (RS)
;Westfalia (RS)
Tocantinópolis/TO - Porto Franco/MA;Tocantinópolis/TO - Porto Franco/MA
;Porto Franco (MA)
;Tocantinópolis (TO)
Toledo/PR;Toledo/PR
;Ouro Verde do Oeste (PR)
;Toledo (PR)
Torixoréu/MT - Baliza/GO;Torixoréu/MT - Baliza/GO
;Baliza (GO)
;Torixoréu (MT)
Torres/RS;Torres/RS
;Passo de Torres (SC)
;Torres (RS)
Tramandaí - Osório/RS;Tramandaí - Osório/RS
;Imbé (RS)
;Osório (RS)
;Tramandaí (RS)
Três Rios - Paraíba do Sul/RJ;Três Rios - Paraíba do Sul/RJ
;Chiador (MG)
;Comendador Levy Gasparian (RJ)
;Paraíba do Sul (RJ)
;Santana do Deserto (MG)
;Três Rios (RJ)
Tubarão - Laguna/SC;Tubarão - Laguna/SC
;Capivari de Baixo (SC)
;Gravatal (SC)
;Laguna (SC)
;Tubarão (SC)
Tupã/SP;Tupã/SP
;Arco-Íris (SP)
;Queiroz (SP)
;Tupã (SP)
Tupi Paulista/SP;Tupi Paulista/SP
;Nova Guataporanga (SP)
;Tupi Paulista (SP)
Ubá/MG;Ubá/MG
;Rodeiro (MG)
;Ubá (MG)
Ubaitaba - Aurelino Leal/BA;Ubaitaba - Aurelino Leal/BA
;Aurelino Leal (BA)
;Ubaitaba (BA)
Umuarama/PR;Umuarama/PR
;Maria Helena (PR)
;Umuarama (PR)
União da Vitória/PR - Porto União/SC;União da Vitória/PR - Porto União/SC
;Porto União (SC)
;União da Vitória (PR)
Uruçuí/PI;Uruçuí/PI
;Benedito Leite (MA)
;Uruçuí (PI)
Valença/RJ;Valença/RJ
;Rio Preto (MG)
;Valença (RJ)
Valparaíso/SP;Valparaíso/SP
;Bento de Abreu (SP)
;Valparaíso (SP)
Venâncio Aires/RS;Venâncio Aires/RS
;Mato Leitão (RS)
;Venâncio Aires (RS)
Vera Cruz - Itaparica/BA;Vera Cruz - Itaparica/BA
;Itaparica (BA)
;Vera Cruz (BA)
Veranópolis/RS;Veranópolis/RS
;Veranópolis (RS)
;Vila Flores (RS)
Viçosa/MG;Viçosa/MG
;Cajuri (MG)
;Viçosa (MG)
Vitória/ES;Vitória/ES
;Cariacica (ES)
;Fundão (ES)
;Serra (ES)
;Viana (ES)
;Vila Velha (ES)
;Vitória (ES)
Volta Redonda - Barra Mansa/RJ;Volta Redonda - Barra Mansa/RJ
;Barra Mansa (RJ)
;Pinheiral (RJ)
;Volta Redonda (RJ)
Votuporanga/SP;Votuporanga/SP
;Álvares Florence (SP)
;Parisi (SP)
;Sebastianópolis do Sul (SP)
;Votuporanga (SP)
